VEHICLE_TYPE,RTO_REGION,REGISTRATIONS,YEAR,MONTH,,,,,
Multi Axled Articulated Vehicle,BNG CENTRAL,10922,2020,APRIL,,,,,
Multi Axled Articulated Vehicle,BNG WEST,304,2020,APRIL,,,,,
Multi Axled Articulated Vehicle,BNG EAST,727,2020,APRIL,,,,,
Multi Axled Articulated Vehicle,BNG NORTH,258,2020,APRIL,,,,,
Multi Axled Articulated Vehicle,BNG SOUTH,662,2020,APRIL,,,,,
Multi Axled Articulated Vehicle,KR Puram,589,2020,APRIL,,,,,
Multi Axled Articulated Vehicle,Jnana Bharati,106,2020,APRIL,,,,, 
Multi Axled Articulated Vehicle,Electronic City,1008,2020,APRIL,,,,,
Multi Axled Articulated Vehicle,Yelahanka,15,2020,APRIL,,,,,
Multi Axled Articulated Vehicle,Devanahalli,57,2020,APRIL,,,,,
Multi Axled Articulated Vehicle,Chandapura,457,2020,APRIL,,,,,
Trucks and Lorries,BNG CENTRAL,56586,2020,APRIL,,,,,
Trucks and Lorries,BNG WEST,16708,2020,APRIL,,,,,
Trucks and Lorries,BNG EAST,10050,2020,APRIL,,,,,
Trucks and Lorries,BNG NORTH,12305,2020,APRIL,,,,,
Trucks and Lorries,BNG SOUTH,22815,2020,APRIL,,,,,
Trucks and Lorries,KR Puram,10338,2020,APRIL,,,,,
Trucks and Lorries,Jnana Bharati,6808,2020,APRIL,,,,,
Trucks and Lorries,Electronic City,16636,2020,APRIL,,,,,
Trucks and Lorries,Yelahanka,6094,2020,APRIL,,,,,
Trucks and Lorries,Devanahalli,4098,2020,APRIL,,,,,
Trucks and Lorries,Chandapura,8686,2020,APRIL,,,,,
Light Goods Four Wheeler,BNG CENTRAL,18321,2020,APRIL,,,,,
Light Goods Four Wheeler,BNG WEST,15810,2020,APRIL,,,,,
Light Goods Four Wheeler,BNG EAST,9474,2020,APRIL,,,,,
Light Goods Four Wheeler,BNG NORTH,16113,2020,APRIL,,,,,
Light Goods Four Wheeler,BNG SOUTH,24860,2020,APRIL,,,,,
Light Goods Four Wheeler,KR Puram,17717,2020,APRIL,,,,,
Light Goods Four Wheeler,Jnana Bharati,12569,2020,APRIL,,,,,
Light Goods Four Wheeler,Electronic City,24422,2020,APRIL,,,,,
Light Goods Four Wheeler,Yelahanka,6958,2020,APRIL,,,,,
Light Goods Four Wheeler,Devanahalli,5040,2020,APRIL,,,,,
Light Goods Four Wheeler,Chandapura,15543,2020,APRIL,,,,,
Light Goods Three Wheeler,BNG CENTRAL,8999,2020,APRIL,,,,,
Light Goods Three Wheeler,BNG WEST,15419,2020,APRIL,,,,,
Light Goods Three Wheeler,BNG EAST,6657,2020,APRIL,,,,,
Light Goods Three Wheeler,BNG NORTH,6041,2020,APRIL,,,,,
Light Goods Three Wheeler,BNG SOUTH,11274,2020,APRIL,,,,,
Light Goods Three Wheeler,KR Puram,2151,2020,APRIL,,,,,
Light Goods Three Wheeler,Jnana Bharati,4467,2020,APRIL,,,,,
Light Goods Three Wheeler,Electronic City,2994,2020,APRIL,,,,,
Light Goods Three Wheeler,Yelahanka,1105,2020,APRIL,,,,,
Light Goods Three Wheeler,Devanahalli,739,2020,APRIL,,,,,
Light Goods Three Wheeler,Chandapura,813,2020,APRIL,,,,,
Multi Axled Articulated Vehicle,BNG CENTRAL,10922,2020,MAY,,,,,
Multi Axled Articulated Vehicle,BNG WEST,304,2020,MAY,,,,,
Multi Axled Articulated Vehicle,BNG EAST,727,2020,MAY,,,,,
Multi Axled Articulated Vehicle,BNG NORTH,258,2020,MAY,,,,,
Multi Axled Articulated Vehicle,BNG SOUTH,662,2020,MAY,,,,,
Multi Axled Articulated Vehicle,KR Puram,589,2020,MAY,,,,,
Multi Axled Articulated Vehicle,Jnana Bharati,106,2020,MAY,,,,,
Multi Axled Articulated Vehicle,Electronic City,1008,2020,MAY,,,,,
Multi Axled Articulated Vehicle,Yelahanka,15,2020,MAY,,,,,
Multi Axled Articulated Vehicle,Devanahalli,57,2020,MAY,,,,,
Multi Axled Articulated Vehicle,Chandapura,457,2020,MAY,,,,,
Trucks and Lorries,BNG CENTRAL,56586,2020,MAY,,,,,
Trucks and Lorries,BNG WEST,16708,2020,MAY,,,,,
Trucks and Lorries,BNG EAST,10050,2020,MAY,,,,,
Trucks and Lorries,BNG NORTH,12305,2020,MAY,,,,,
Trucks and Lorries,BNG SOUTH,22815,2020,MAY,,,,,
Trucks and Lorries,KR Puram,10338,2020,MAY,,,,,
Trucks and Lorries,Jnana Bharati,6808,2020,MAY,,,,,
Trucks and Lorries,Electronic City,16636,2020,MAY,,,,,
Trucks and Lorries,Yelahanka,6094,2020,MAY,,,,,
Trucks and Lorries,Devanahalli,4098,2020,MAY,,,,,
Trucks and Lorries,Chandapura,8686,2020,MAY,,,,,
Light Goods Four Wheeler,BNG CENTRAL,18324,2020,MAY,,,,,
Light Goods Four Wheeler,BNG WEST,15811,2020,MAY,,,,,
Light Goods Four Wheeler,BNG EAST,9475,2020,MAY,,,,,
Light Goods Four Wheeler,BNG NORTH,16114,2020,MAY,,,,,
Light Goods Four Wheeler,BNG SOUTH,24865,2020,MAY,,,,,
Light Goods Four Wheeler,KR Puram,17719,2020,MAY,,,,,
Light Goods Four Wheeler,Jnana Bharati,12570,2020,MAY,,,,,
Light Goods Four Wheeler,Electronic City,24428,2020,MAY,,,,,
Light Goods Four Wheeler,Yelahanka,6960,2020,MAY,,,,,
Light Goods Four Wheeler,Devanahalli,5040,2020,MAY,,,,,
Light Goods Four Wheeler,Chandapura,15544,2020,MAY,,,,,
Light Goods Three Wheeler,BNG CENTRAL,8999,2020,MAY,,,,,
Light Goods Three Wheeler,BNG WEST,15422,2020,MAY,,,,,
Light Goods Three Wheeler,BNG EAST,6658,2020,MAY,,,,,
Light Goods Three Wheeler,BNG NORTH,6043,2020,MAY,,,,,
Light Goods Three Wheeler,BNG SOUTH,11276,2020,MAY,,,,,
Light Goods Three Wheeler,KR Puram,2151,2020,MAY,,,,,
Light Goods Three Wheeler,Jnana Bharati,4467,2020,MAY,,,,,
Light Goods Three Wheeler,Electronic City,3012,2020,MAY,,,,,
Light Goods Three Wheeler,Yelahanka,1106,2020,MAY,,,,,
Light Goods Three Wheeler,Devanahalli,739,2020,MAY,,,,,
Light Goods Three Wheeler,Chandapura,813,2020,MAY,,,,,
Multi Axled Articulated Vehicle,BNG CENTRAL,10922,2020,JUNE,,,,,
Multi Axled Articulated Vehicle,BNG WEST,304,2020,JUNE,,,,,
Multi Axled Articulated Vehicle,BNG EAST,727,2020,JUNE,,,,,
Multi Axled Articulated Vehicle,BNG NORTH,258,2020,JUNE,,,,,
Multi Axled Articulated Vehicle,BNG SOUTH,662,2020,JUNE,,,,,
Multi Axled Articulated Vehicle,KR Puram,589,2020,JUNE,,,,,
Multi Axled Articulated Vehicle,Jnana Bharati,106,2020,JUNE,,,,,
Multi Axled Articulated Vehicle,Electronic City,1008,2020,JUNE,,,,,
Multi Axled Articulated Vehicle,Yelahanka,15,2020,JUNE,,,,,
Multi Axled Articulated Vehicle,Devanahalli,57,2020,JUNE,,,,,
Multi Axled Articulated Vehicle,Chandapura,457,2020,JUNE,,,,,
Trucks and Lorries,BNG CENTRAL,56592,2020,JUNE,,,,,
Trucks and Lorries,BNG WEST,16710,2020,JUNE,,,,,
Trucks and Lorries,BNG EAST,10050,2020,JUNE,,,,,
Trucks and Lorries,BNG NORTH,12306,2020,JUNE,,,,,
Trucks and Lorries,BNG SOUTH,22817,2020,JUNE,,,,,
Trucks and Lorries,KR Puram,10338,2020,JUNE,,,,,
Trucks and Lorries,Jnana Bharati,6808,2020,JUNE,,,,,
Trucks and Lorries,Electronic City,16670,2020,JUNE,,,,,
Trucks and Lorries,Yelahanka,6096,2020,JUNE,,,,,
Trucks and Lorries,Devanahalli,4099,2020,JUNE,,,,,
Trucks and Lorries,Chandapura,8686,2020,JUNE,,,,,
Light Goods Four Wheeler,BNG CENTRAL,18338,2020,JUNE,,,,,
Light Goods Four Wheeler,BNG WEST,15822,2020,JUNE,,,,,
Light Goods Four Wheeler,BNG EAST,9485,2020,JUNE,,,,,
Light Goods Four Wheeler,BNG NORTH,16139,2020,JUNE,,,,,
Light Goods Four Wheeler,BNG SOUTH,24895,2020,JUNE,,,,,
Light Goods Four Wheeler,KR Puram,17762,2020,JUNE,,,,,
Light Goods Four Wheeler,Jnana Bharati,12578,2020,JUNE,,,,,
Light Goods Four Wheeler,Electronic City,24463,2020,JUNE,,,,,
Light Goods Four Wheeler,Yelahanka,6967,2020,JUNE,,,,,
Light Goods Four Wheeler,Devanahalli,5051,2020,JUNE,,,,,
Light Goods Four Wheeler,Chandapura,15550,2020,JUNE,,,,,
Light Goods Three Wheeler,BNG CENTRAL,9011,2020,JUNE,,,,,
Light Goods Three Wheeler,BNG WEST,15439,2020,JUNE,,,,,
Light Goods Three Wheeler,BNG EAST,6668,2020,JUNE,,,,,
Light Goods Three Wheeler,BNG NORTH,6061,2020,JUNE,,,,,
Light Goods Three Wheeler,BNG SOUTH,11288,2020,JUNE,,,,,
Light Goods Three Wheeler,KR Puram,2152,2020,JUNE,,,,,
Light Goods Three Wheeler,Jnana Bharati,4486,2020,JUNE,,,,,
Light Goods Three Wheeler,Electronic City,3031,2020,JUNE,,,,,
Light Goods Three Wheeler,Yelahanka,1110,2020,JUNE,,,,,
Light Goods Three Wheeler,Devanahalli,739,2020,JUNE,,,,,
Light Goods Three Wheeler,Chandapura,815,2020,JUNE,,,,,
Multi Axled Articulated Vehicle,BNG CENTRAL,10922,2020,JULY,,,,,
Multi Axled Articulated Vehicle,BNG WEST,304,2020,JULY,,,,,
Multi Axled Articulated Vehicle,BNG EAST,727,2020,JULY,,,,,
Multi Axled Articulated Vehicle,BNG NORTH,258,2020,JULY,,,,,
Multi Axled Articulated Vehicle,BNG SOUTH,662,2020,JULY,,,,,
Multi Axled Articulated Vehicle,KR Puram,589,2020,JULY,,,,,
Multi Axled Articulated Vehicle,Jnana Bharati,106,2020,JULY,,,,,
Multi Axled Articulated Vehicle,Electronic City,1008,2020,JULY,,,,,
Multi Axled Articulated Vehicle,Yelahanka,15,2020,JULY,,,,,
Multi Axled Articulated Vehicle,Devanahalli,57,2020,JULY,,,,,
Multi Axled Articulated Vehicle,Chandapura,457,2020,JULY,,,,,
Trucks and Lorries,BNG CENTRAL,56593,2020,JULY,,,,,
Trucks and Lorries,BNG WEST,16714,2020,JULY,,,,,
Trucks and Lorries,BNG EAST,10050,2020,JULY,,,,,
Trucks and Lorries,BNG NORTH,12308,2020,JULY,,,,,
Trucks and Lorries,BNG SOUTH,22818,2020,JULY,,,,,
Trucks and Lorries,KR Puram,10349,2020,JULY,,,,,
Trucks and Lorries,Jnana Bharati,6809,2020,JULY,,,,,
Trucks and Lorries,Electronic City,16685,2020,JULY,,,,,
Trucks and Lorries,Yelahanka,6096,2020,JULY,,,,,
Trucks and Lorries,Devanahalli,4100,2020,JULY,,,,,
Trucks and Lorries,Chandapura,8686,2020,JULY,,,,,
Light Goods Four Wheeler,BNG CENTRAL,18351,2020,JULY,,,,,
Light Goods Four Wheeler,BNG WEST,15843,2020,JULY,,,,,
Light Goods Four Wheeler,BNG EAST,9514,2020,JULY,,,,,
Light Goods Four Wheeler,BNG NORTH,16179,2020,JULY,,,,,
Light Goods Four Wheeler,BNG SOUTH,24946,2020,JULY,,,,,
Light Goods Four Wheeler,KR Puram,17803,2020,JULY,,,,,
Light Goods Four Wheeler,Jnana Bharati,12591,2020,JULY,,,,,
Light Goods Four Wheeler,Electronic City,24514,2020,JULY,,,,,
Light Goods Four Wheeler,Yelahanka,6975,2020,JULY,,,,,
Light Goods Four Wheeler,Devanahalli,5054,2020,JULY,,,,,
Light Goods Four Wheeler,Chandapura,15563,2020,JULY,,,,,
Light Goods Three Wheeler,BNG CENTRAL,9020,2020,JULY,,,,,
Light Goods Three Wheeler,BNG WEST,15446,2020,JULY,,,,,
Light Goods Three Wheeler,BNG EAST,6679,2020,JULY,,,,,
Light Goods Three Wheeler,BNG NORTH,6089,2020,JULY,,,,,
Light Goods Three Wheeler,BNG SOUTH,11296,2020,JULY,,,,,
Light Goods Three Wheeler,KR Puram,2158,2020,JULY,,,,,
Light Goods Three Wheeler,Jnana Bharati,4505,2020,JULY,,,,,
Light Goods Three Wheeler,Electronic City,3051,2020,JULY,,,,,
Light Goods Three Wheeler,Yelahanka,1111,2020,JULY,,,,,
Light Goods Three Wheeler,Devanahalli,739,2020,JULY,,,,,
Light Goods Three Wheeler,Chandapura,815,2020,JULY,,,,,
Multi Axled Articulated Vehicle,BNG CENTRAL,10922,2020,AUGUST,,,,,
Multi Axled Articulated Vehicle,BNG WEST,304,2020,AUGUST,,,,,
Multi Axled Articulated Vehicle,BNG EAST,727,2020,AUGUST,,,,,
Multi Axled Articulated Vehicle,BNG NORTH,258,2020,AUGUST,,,,,
Multi Axled Articulated Vehicle,BNG SOUTH,662,2020,AUGUST,,,,,
Multi Axled Articulated Vehicle,KR Puram,589,2020,AUGUST,,,,,
Multi Axled Articulated Vehicle,Jnana Bharati,106,2020,AUGUST,,,,,
Multi Axled Articulated Vehicle,Electronic City,1008,2020,AUGUST,,,,,
Multi Axled Articulated Vehicle,Yelahanka,15,2020,AUGUST,,,,,
Multi Axled Articulated Vehicle,Devanahalli,57,2020,AUGUST,,,,,
Multi Axled Articulated Vehicle,Chandapura,457,2020,AUGUST,,,,,
Trucks and Lorries,BNG CENTRAL,56615,2020,AUGUST,,,,,
Trucks and Lorries,BNG WEST,16717,2020,AUGUST,,,,,
Trucks and Lorries,BNG EAST,10059,2020,AUGUST,,,,,
Trucks and Lorries,BNG NORTH,12315,2020,AUGUST,,,,,
Trucks and Lorries,BNG SOUTH,22826,2020,AUGUST,,,,,
Trucks and Lorries,KR Puram,10355,2020,AUGUST,,,,,
Trucks and Lorries,Jnana Bharati,6819,2020,AUGUST,,,,,
Trucks and Lorries,Electronic City,16726,2020,AUGUST,,,,,
Trucks and Lorries,Yelahanka,6097,2020,AUGUST,,,,,
Trucks and Lorries,Devanahalli,4100,2020,AUGUST,,,,,
Trucks and Lorries,Chandapura,8691,2020,AUGUST,,,,,
Light Goods Four Wheeler,BNG CENTRAL,18388,2020,AUGUST,,,,,
Light Goods Four Wheeler,BNG WEST,15874,2020,AUGUST,,,,,
Light Goods Four Wheeler,BNG EAST,9543,2020,AUGUST,,,,,
Light Goods Four Wheeler,BNG NORTH,16232,2020,AUGUST,,,,,
Light Goods Four Wheeler,BNG SOUTH,25024,2020,AUGUST,,,,,
Light Goods Four Wheeler,KR Puram,17888,2020,AUGUST,,,,,
Light Goods Four Wheeler,Jnana Bharati,12626,2020,AUGUST,,,,,
Light Goods Four Wheeler,Electronic City,24606,2020,AUGUST,,,,,
Light Goods Four Wheeler,Yelahanka,6994,2020,AUGUST,,,,,
Light Goods Four Wheeler,Devanahalli,5068,2020,AUGUST,,,,,
Light Goods Four Wheeler,Chandapura,15574,2020,AUGUST,,,,,
Light Goods Three Wheeler,BNG CENTRAL,9030,2020,AUGUST,,,,,
Light Goods Three Wheeler,BNG WEST,15471,2020,AUGUST,,,,,
Light Goods Three Wheeler,BNG EAST,6712,2020,AUGUST,,,,,
Light Goods Three Wheeler,BNG NORTH,6109,2020,AUGUST,,,,,
Light Goods Three Wheeler,BNG SOUTH,11310,2020,AUGUST,,,,,
Light Goods Three Wheeler,KR Puram,2166,2020,AUGUST,,,,,
Light Goods Three Wheeler,Jnana Bharati,4537,2020,AUGUST,,,,,
Light Goods Three Wheeler,Electronic City,3068,2020,AUGUST,,,,,
Light Goods Three Wheeler,Yelahanka,1114,2020,AUGUST,,,,,
Light Goods Three Wheeler,Devanahalli,743,2020,AUGUST,,,,,
Light Goods Three Wheeler,Chandapura,815,2020,AUGUST,,,,,
Multi Axled Articulated Vehicle,BNG CENTRAL,10927,2020,SEPTEMBER,,,,,
Multi Axled Articulated Vehicle,BNG WEST,304,2020,SEPTEMBER,,,,,
Multi Axled Articulated Vehicle,BNG EAST,727,2020,SEPTEMBER,,,,,
Multi Axled Articulated Vehicle,BNG NORTH,258,2020,SEPTEMBER,,,,,
Multi Axled Articulated Vehicle,BNG SOUTH,662,2020,SEPTEMBER,,,,,
Multi Axled Articulated Vehicle,KR Puram,589,2020,SEPTEMBER,,,,,
Multi Axled Articulated Vehicle,Jnana Bharati,106,2020,SEPTEMBER,,,,,
Multi Axled Articulated Vehicle,Electronic City,1008,2020,SEPTEMBER,,,,,
Multi Axled Articulated Vehicle,Yelahanka,15,2020,SEPTEMBER,,,,,
Multi Axled Articulated Vehicle,Devanahalli,57,2020,SEPTEMBER,,,,,
Multi Axled Articulated Vehicle,Chandapura,457,2020,SEPTEMBER,,,,,
Trucks and Lorries,BNG CENTRAL,56674,2020,SEPTEMBER,,,,,
Trucks and Lorries,BNG WEST,16723,2020,SEPTEMBER,,,,,
Trucks and Lorries,BNG EAST,10070,2020,SEPTEMBER,,,,,
Trucks and Lorries,BNG NORTH,12318,2020,SEPTEMBER,,,,,
Trucks and Lorries,BNG SOUTH,22833,2020,SEPTEMBER,,,,,
Trucks and Lorries,KR Puram,10365,2020,SEPTEMBER,,,,,
Trucks and Lorries,Jnana Bharati,6822,2020,SEPTEMBER,,,,,
Trucks and Lorries,Electronic City,16801,2020,SEPTEMBER,,,,,
Trucks and Lorries,Yelahanka,6099,2020,SEPTEMBER,,,,,
Trucks and Lorries,Devanahalli,4105,2020,SEPTEMBER,,,,,
Trucks and Lorries,Chandapura,8698,2020,SEPTEMBER,,,,,
Light Goods Four Wheeler,BNG CENTRAL,18415,2020,SEPTEMBER,,,,,
Light Goods Four Wheeler,BNG WEST,15920,2020,SEPTEMBER,,,,,
Light Goods Four Wheeler,BNG EAST,9589,2020,SEPTEMBER,,,,,
Light Goods Four Wheeler,BNG NORTH,16306,2020,SEPTEMBER,,,,,
Light Goods Four Wheeler,BNG SOUTH,25088,2020,SEPTEMBER,,,,,
Light Goods Four Wheeler,KR Puram,17979,2020,SEPTEMBER,,,,,
Light Goods Four Wheeler,Jnana Bharati,12674,2020,SEPTEMBER,,,,,
Light Goods Four Wheeler,Electronic City,24718,2020,SEPTEMBER,,,,,
Light Goods Four Wheeler,Yelahanka,7036,2020,SEPTEMBER,,,,,
Light Goods Four Wheeler,Devanahalli,5078,2020,SEPTEMBER,,,,,
Light Goods Four Wheeler,Chandapura,15591,2020,SEPTEMBER,,,,,
Light Goods Three Wheeler,BNG CENTRAL,9049,2020,SEPTEMBER,,,,,
Light Goods Three Wheeler,BNG WEST,15485,2020,SEPTEMBER,,,,,
Light Goods Three Wheeler,BNG EAST,6767,2020,SEPTEMBER,,,,,
Light Goods Three Wheeler,BNG NORTH,6128,2020,SEPTEMBER,,,,,
Light Goods Three Wheeler,BNG SOUTH,11323,2020,SEPTEMBER,,,,,
Light Goods Three Wheeler,KR Puram,2173,2020,SEPTEMBER,,,,,
Light Goods Three Wheeler,Jnana Bharati,4567,2020,SEPTEMBER,,,,,
Light Goods Three Wheeler,Electronic City,3090,2020,SEPTEMBER,,,,,
Light Goods Three Wheeler,Yelahanka,1118,2020,SEPTEMBER,,,,,
Light Goods Three Wheeler,Devanahalli,746,2020,SEPTEMBER,,,,,
Light Goods Three Wheeler,Chandapura,815,2020,SEPTEMBER,,,,,
Multi Axled Articulated Vehicle,BNG CENTRAL,10927,2020,OCTOBER,,,,,
Multi Axled Articulated Vehicle,BNG WEST,304,2020,OCTOBER,,,,,
Multi Axled Articulated Vehicle,BNG EAST,727,2020,OCTOBER,,,,,
Multi Axled Articulated Vehicle,BNG NORTH,258,2020,OCTOBER,,,,,
Multi Axled Articulated Vehicle,BNG SOUTH,662,2020,OCTOBER,,,,,
Multi Axled Articulated Vehicle,KR Puram,589,2020,OCTOBER,,,,,
Multi Axled Articulated Vehicle,Jnana Bharati,106,2020,OCTOBER,,,,,
Multi Axled Articulated Vehicle,Electronic City,1009,2020,OCTOBER,,,,,
Multi Axled Articulated Vehicle,Yelahanka,15,2020,OCTOBER,,,,,
Multi Axled Articulated Vehicle,Devanahalli,57,2020,OCTOBER,,,,,
Multi Axled Articulated Vehicle,Chandapura,457,2020,OCTOBER,,,,,
Trucks and Lorries,BNG CENTRAL,56712,2020,OCTOBER,,,,,
Trucks and Lorries,BNG WEST,16733,2020,OCTOBER,,,,,
Trucks and Lorries,BNG EAST,10079,2020,OCTOBER,,,,,
Trucks and Lorries,BNG NORTH,12352,2020,OCTOBER,,,,,
Trucks and Lorries,BNG SOUTH,22844,2020,OCTOBER,,,,,
Trucks and Lorries,KR Puram,10385,2020,OCTOBER,,,,,
Trucks and Lorries,Jnana Bharati,6837,2020,OCTOBER,,,,,
Trucks and Lorries,Electronic City,16875,2020,OCTOBER,,,,,
Trucks and Lorries,Yelahanka,6107,2020,OCTOBER,,,,,
Trucks and Lorries,Devanahalli,4111,2020,OCTOBER,,,,,
Trucks and Lorries,Chandapura,8707,2020,OCTOBER,,,,,
Light Goods Four Wheeler,BNG CENTRAL,18456,2020,OCTOBER,,,,,
Light Goods Four Wheeler,BNG WEST,15965,2020,OCTOBER,,,,,
Light Goods Four Wheeler,BNG EAST,9647,2020,OCTOBER,,,,,
Light Goods Four Wheeler,BNG NORTH,16371,2020,OCTOBER,,,,,
Light Goods Four Wheeler,BNG SOUTH,25181,2020,OCTOBER,,,,,
Light Goods Four Wheeler,KR Puram,18079,2020,OCTOBER,,,,,
Light Goods Four Wheeler,Jnana Bharati,12737,2020,OCTOBER,,,,,
Light Goods Four Wheeler,Electronic City,24842,2020,OCTOBER,,,,,
Light Goods Four Wheeler,Yelahanka,7055,2020,OCTOBER,,,,,
Light Goods Four Wheeler,Devanahalli,5103,2020,OCTOBER,,,,,
Light Goods Four Wheeler,Chandapura,15607,2020,OCTOBER,,,,,
Light Goods Three Wheeler,BNG CENTRAL,9063,2020,OCTOBER,,,,,
Light Goods Three Wheeler,BNG WEST,15512,2020,OCTOBER,,,,,
Light Goods Three Wheeler,BNG EAST,6802,2020,OCTOBER,,,,,
Light Goods Three Wheeler,BNG NORTH,6146,2020,OCTOBER,,,,,
Light Goods Three Wheeler,BNG SOUTH,11336,2020,OCTOBER,,,,,
Light Goods Three Wheeler,KR Puram,2174,2020,OCTOBER,,,,,
Light Goods Three Wheeler,Jnana Bharati,4599,2020,OCTOBER,,,,,
Light Goods Three Wheeler,Electronic City,3171,2020,OCTOBER,,,,,
Light Goods Three Wheeler,Yelahanka,1125,2020,OCTOBER,,,,,
Light Goods Three Wheeler,Devanahalli,756,2020,OCTOBER,,,,,
Light Goods Three Wheeler,Chandapura,815,2020,OCTOBER,,,,,
Multi Axled Articulated Vehicle,BNG CENTRAL,10927,2020,NOVEMBER,,,,,
Multi Axled Articulated Vehicle,BNG WEST,304,2020,NOVEMBER,,,,,
Multi Axled Articulated Vehicle,BNG EAST,727,2020,NOVEMBER,,,,,
Multi Axled Articulated Vehicle,BNG NORTH,258,2020,NOVEMBER,,,,,
Multi Axled Articulated Vehicle,BNG SOUTH,662,2020,NOVEMBER,,,,,
Multi Axled Articulated Vehicle,KR Puram,589,2020,NOVEMBER,,,,,
Multi Axled Articulated Vehicle,Jnana Bharati,106,2020,NOVEMBER,,,,,
Multi Axled Articulated Vehicle,Electronic City,1009,2020,NOVEMBER,,,,,
Multi Axled Articulated Vehicle,Yelahanka,15,2020,NOVEMBER,,,,,
Multi Axled Articulated Vehicle,Devanahalli,57,2020,NOVEMBER,,,,,
Multi Axled Articulated Vehicle,Chandapura,457,2020,NOVEMBER,,,,,
Trucks and Lorries,BNG CENTRAL,56800,2020,NOVEMBER,,,,,
Trucks and Lorries,BNG WEST,16748,2020,NOVEMBER,,,,,
Trucks and Lorries,BNG EAST,10091,2020,NOVEMBER,,,,,
Trucks and Lorries,BNG NORTH,12370,2020,NOVEMBER,,,,,
Trucks and Lorries,BNG SOUTH,22856,2020,NOVEMBER,,,,,
Trucks and Lorries,KR Puram,10408,2020,NOVEMBER,,,,,
Trucks and Lorries,Jnana Bharati,6846,2020,NOVEMBER,,,,,
Trucks and Lorries,Electronic City,16986,2020,NOVEMBER,,,,,
Trucks and Lorries,Yelahanka,6118,2020,NOVEMBER,,,,,
Trucks and Lorries,Devanahalli,4116,2020,NOVEMBER,,,,,
Trucks and Lorries,Chandapura,8724,2020,NOVEMBER,,,,,
Light Goods Four Wheeler,BNG CENTRAL,18501,2020,NOVEMBER,,,,,
Light Goods Four Wheeler,BNG WEST,16026,2020,NOVEMBER,,,,,
Light Goods Four Wheeler,BNG EAST,9698,2020,NOVEMBER,,,,,
Light Goods Four Wheeler,BNG NORTH,16456,2020,NOVEMBER,,,,,
Light Goods Four Wheeler,BNG SOUTH,25266,2020,NOVEMBER,,,,,
Light Goods Four Wheeler,KR Puram,18203,2020,NOVEMBER,,,,,
Light Goods Four Wheeler,Jnana Bharati,12806,2020,NOVEMBER,,,,,
Light Goods Four Wheeler,Electronic City,24994,2020,NOVEMBER,,,,,
Light Goods Four Wheeler,Yelahanka,7089,2020,NOVEMBER,,,,,
Light Goods Four Wheeler,Devanahalli,5127,2020,NOVEMBER,,,,,
Light Goods Four Wheeler,Chandapura,15635,2020,NOVEMBER,,,,,
Light Goods Three Wheeler,BNG CENTRAL,9075,2020,NOVEMBER,,,,,
Light Goods Three Wheeler,BNG WEST,15535,2020,NOVEMBER,,,,,
Light Goods Three Wheeler,BNG EAST,6851,2020,NOVEMBER,,,,,
Light Goods Three Wheeler,BNG NORTH,6161,2020,NOVEMBER,,,,,
Light Goods Three Wheeler,BNG SOUTH,11378,2020,NOVEMBER,,,,,
Light Goods Three Wheeler,KR Puram,2181,2020,NOVEMBER,,,,,
Light Goods Three Wheeler,Jnana Bharati,4631,2020,NOVEMBER,,,,,
Light Goods Three Wheeler,Electronic City,3227,2020,NOVEMBER,,,,,
Light Goods Three Wheeler,Yelahanka,1127,2020,NOVEMBER,,,,,
Light Goods Three Wheeler,Devanahalli,763,2020,NOVEMBER,,,,,
Light Goods Three Wheeler,Chandapura,816,2020,NOVEMBER,,,,,
Multi Axled Articulated Vehicle,BNG CENTRAL,10927,2020,DECEMBER,,,,,
Multi Axled Articulated Vehicle,BNG WEST,304,2020,DECEMBER,,,,,
Multi Axled Articulated Vehicle,BNG EAST,727,2020,DECEMBER,,,,,
Multi Axled Articulated Vehicle,BNG NORTH,259,2020,DECEMBER,,,,,
Multi Axled Articulated Vehicle,BNG SOUTH,663,2020,DECEMBER,,,,,
Multi Axled Articulated Vehicle,KR Puram,590,2020,DECEMBER,,,,,
Multi Axled Articulated Vehicle,Jnana Bharati,107,2020,DECEMBER,,,,,
Multi Axled Articulated Vehicle,Electronic City,1009,2020,DECEMBER,,,,,
Multi Axled Articulated Vehicle,Yelahanka,16,2020,DECEMBER,,,,,
Multi Axled Articulated Vehicle,Devanahalli,59,2020,DECEMBER,,,,,
Multi Axled Articulated Vehicle,Chandapura,457,2020,DECEMBER,,,,,
Trucks and Lorries,BNG CENTRAL,56908,2020,DECEMBER,,,,,
Trucks and Lorries,BNG WEST,16768,2020,DECEMBER,,,,,
Trucks and Lorries,BNG EAST,10092,2020,DECEMBER,,,,,
Trucks and Lorries,BNG NORTH,12385,2020,DECEMBER,,,,,
Trucks and Lorries,BNG SOUTH,22867,2020,DECEMBER,,,,,
Trucks and Lorries,KR Puram,10430,2020,DECEMBER,,,,,
Trucks and Lorries,Jnana Bharati,6861,2020,DECEMBER,,,,,
Trucks and Lorries,Electronic City,17053,2020,DECEMBER,,,,,
Trucks and Lorries,Yelahanka,6123,2020,DECEMBER,,,,,
Trucks and Lorries,Devanahalli,4120,2020,DECEMBER,,,,,
Trucks and Lorries,Chandapura,8733,2020,DECEMBER,,,,,
Light Goods Four Wheeler,BNG CENTRAL,18535,2020,DECEMBER,,,,,
Light Goods Four Wheeler,BNG WEST,16075,2020,DECEMBER,,,,,
Light Goods Four Wheeler,BNG EAST,9751,2020,DECEMBER,,,,,
Light Goods Four Wheeler,BNG NORTH,16505,2020,DECEMBER,,,,,
Light Goods Four Wheeler,BNG SOUTH,25323,2020,DECEMBER,,,,,
Light Goods Four Wheeler,KR Puram,18271,2020,DECEMBER,,,,,
Light Goods Four Wheeler,Jnana Bharati,12845,2020,DECEMBER,,,,,
Light Goods Four Wheeler,Electronic City,25102,2020,DECEMBER,,,,,
Light Goods Four Wheeler,Yelahanka,7119,2020,DECEMBER,,,,,
Light Goods Four Wheeler,Devanahalli,5147,2020,DECEMBER,,,,,
Light Goods Four Wheeler,Chandapura,15648,2020,DECEMBER,,,,,
Light Goods Three Wheeler,BNG CENTRAL,9086,2020,DECEMBER,,,,,
Light Goods Three Wheeler,BNG WEST,15548,2020,DECEMBER,,,,,
Light Goods Three Wheeler,BNG EAST,6865,2020,DECEMBER,,,,,
Light Goods Three Wheeler,BNG NORTH,6179,2020,DECEMBER,,,,,
Light Goods Three Wheeler,BNG SOUTH,11415,2020,DECEMBER,,,,,
Light Goods Three Wheeler,KR Puram,2182,2020,DECEMBER,,,,,
Light Goods Three Wheeler,Jnana Bharati,4643,2020,DECEMBER,,,,,
Light Goods Three Wheeler,Electronic City,3323,2020,DECEMBER,,,,,
Light Goods Three Wheeler,Yelahanka,1129,2020,DECEMBER,,,,,
Light Goods Three Wheeler,Devanahalli,768,2020,DECEMBER,,,,,
Light Goods Three Wheeler,Chandapura,816,2020,DECEMBER,,,,,
Multi Axled Articulated Vehicle,BNG CENTRAL,10936,2021,JANUARY,,,,,
Multi Axled Articulated Vehicle,BNG WEST,304,2021,JANUARY,,,,,
Multi Axled Articulated Vehicle,BNG EAST,727,2021,JANUARY,,,,,
Multi Axled Articulated Vehicle,BNG NORTH,259,2021,JANUARY,,,,,
Multi Axled Articulated Vehicle,BNG SOUTH,663,2021,JANUARY,,,,,
Multi Axled Articulated Vehicle,KR Puram,590,2021,JANUARY,,,,,
Multi Axled Articulated Vehicle,Jnana Bharati,107,2021,JANUARY,,,,,
Multi Axled Articulated Vehicle,Electronic City,1009,2021,JANUARY,,,,,
Multi Axled Articulated Vehicle,Yelahanka,16,2021,JANUARY,,,,,
Multi Axled Articulated Vehicle,Devanahalli,59,2021,JANUARY,,,,,
Multi Axled Articulated Vehicle,Chandapura,457,2021,JANUARY,,,,,
Trucks and Lorries,BNG CENTRAL,57022,2021,JANUARY,,,,,
Trucks and Lorries,BNG WEST,16807,2021,JANUARY,,,,,
Trucks and Lorries,BNG EAST,10106,2021,JANUARY,,,,,
Trucks and Lorries,BNG NORTH,12391,2021,JANUARY,,,,,
Trucks and Lorries,BNG SOUTH,22884,2021,JANUARY,,,,,
Trucks and Lorries,KR Puram,10470,2021,JANUARY,,,,,
Trucks and Lorries,Jnana Bharati,6877,2021,JANUARY,,,,,
Trucks and Lorries,Electronic City,17161,2021,JANUARY,,,,,
Trucks and Lorries,Yelahanka,6132,2021,JANUARY,,,,,
Trucks and Lorries,Devanahalli,4125,2021,JANUARY,,,,,
Trucks and Lorries,Chandapura,8754,2021,JANUARY,,,,,
Light Goods Four Wheeler,BNG CENTRAL,18589,2021,JANUARY,,,,,
Light Goods Four Wheeler,BNG WEST,16152,2021,JANUARY,,,,,
Light Goods Four Wheeler,BNG EAST,9825,2021,JANUARY,,,,,
Light Goods Four Wheeler,BNG NORTH,16586,2021,JANUARY,,,,,
Light Goods Four Wheeler,BNG SOUTH,25394,2021,JANUARY,,,,,
Light Goods Four Wheeler,KR Puram,18388,2021,JANUARY,,,,,
Light Goods Four Wheeler,Jnana Bharati,12916,2021,JANUARY,,,,,
Light Goods Four Wheeler,Electronic City,25240,2021,JANUARY,,,,,
Light Goods Four Wheeler,Yelahanka,7154,2021,JANUARY,,,,,
Light Goods Four Wheeler,Devanahalli,5172,2021,JANUARY,,,,,
Light Goods Four Wheeler,Chandapura,15679,2021,JANUARY,,,,,
Light Goods Three Wheeler,BNG CENTRAL,9103,2021,JANUARY,,,,,
Light Goods Three Wheeler,BNG WEST,15566,2021,JANUARY,,,,,
Light Goods Three Wheeler,BNG EAST,6882,2021,JANUARY,,,,,
Light Goods Three Wheeler,BNG NORTH,6205,2021,JANUARY,,,,,
Light Goods Three Wheeler,BNG SOUTH,11446,2021,JANUARY,,,,,
Light Goods Three Wheeler,KR Puram,2187,2021,JANUARY,,,,,
Light Goods Three Wheeler,Jnana Bharati,4669,2021,JANUARY,,,,,
Light Goods Three Wheeler,Electronic City,3427,2021,JANUARY,,,,,
Light Goods Three Wheeler,Yelahanka,1134,2021,JANUARY,,,,,
Light Goods Three Wheeler,Devanahalli,771,2021,JANUARY,,,,,
Light Goods Three Wheeler,Chandapura,817,2021,JANUARY,,,,,
Multi Axled Articulated Vehicle,BNG CENTRAL,10945,2021,FEBRUARY,,,,,
Multi Axled Articulated Vehicle,BNG WEST,304,2021,FEBRUARY,,,,,
Multi Axled Articulated Vehicle,BNG EAST,727,2021,FEBRUARY,,,,,
Multi Axled Articulated Vehicle,BNG NORTH,259,2021,FEBRUARY,,,,,
Multi Axled Articulated Vehicle,BNG SOUTH,663,2021,FEBRUARY,,,,,
Multi Axled Articulated Vehicle,KR Puram,590,2021,FEBRUARY,,,,,
Multi Axled Articulated Vehicle,Jnana Bharati,107,2021,FEBRUARY,,,,,
Multi Axled Articulated Vehicle,Electronic City,1012,2021,FEBRUARY,,,,,
Multi Axled Articulated Vehicle,Yelahanka,16,2021,FEBRUARY,,,,,
Multi Axled Articulated Vehicle,Devanahalli,59,2021,FEBRUARY,,,,,
Multi Axled Articulated Vehicle,Chandapura,457,2021,FEBRUARY,,,,,
Trucks and Lorries,BNG CENTRAL,57140,2021,FEBRUARY,,,,,
Trucks and Lorries,BNG WEST,16842,2021,FEBRUARY,,,,,
Trucks and Lorries,BNG EAST,10109,2021,FEBRUARY,,,,,
Trucks and Lorries,BNG NORTH,12411,2021,FEBRUARY,,,,,
Trucks and Lorries,BNG SOUTH,22890,2021,FEBRUARY,,,,,
Trucks and Lorries,KR Puram,10496,2021,FEBRUARY,,,,,
Trucks and Lorries,Jnana Bharati,6899,2021,FEBRUARY,,,,,
Trucks and Lorries,Electronic City,17311,2021,FEBRUARY,,,,,
Trucks and Lorries,Yelahanka,6147,2021,FEBRUARY,,,,,
Trucks and Lorries,Devanahalli,4127,2021,FEBRUARY,,,,,
Trucks and Lorries,Chandapura,8762,2021,FEBRUARY,,,,,
Light Goods Four Wheeler,BNG CENTRAL,18652,2021,FEBRUARY,,,,,
Light Goods Four Wheeler,BNG WEST,16230,2021,FEBRUARY,,,,,
Light Goods Four Wheeler,BNG EAST,9869,2021,FEBRUARY,,,,,
Light Goods Four Wheeler,BNG NORTH,16660,2021,FEBRUARY,,,,,
Light Goods Four Wheeler,BNG SOUTH,25451,2021,FEBRUARY,,,,,
Light Goods Four Wheeler,KR Puram,18472,2021,FEBRUARY,,,,,
Light Goods Four Wheeler,Jnana Bharati,12987,2021,FEBRUARY,,,,,
Light Goods Four Wheeler,Electronic City,25374,2021,FEBRUARY,,,,,
Light Goods Four Wheeler,Yelahanka,7176,2021,FEBRUARY,,,,,
Light Goods Four Wheeler,Devanahalli,5194,2021,FEBRUARY,,,,,
Light Goods Four Wheeler,Chandapura,15693,2021,FEBRUARY,,,,,
Light Goods Three Wheeler,BNG CENTRAL,9123,2021,FEBRUARY,,,,,
Light Goods Three Wheeler,BNG WEST,15587,2021,FEBRUARY,,,,,
Light Goods Three Wheeler,BNG EAST,6897,2021,FEBRUARY,,,,,
Light Goods Three Wheeler,BNG NORTH,6220,2021,FEBRUARY,,,,,
Light Goods Three Wheeler,BNG SOUTH,11477,2021,FEBRUARY,,,,,
Light Goods Three Wheeler,KR Puram,2191,2021,FEBRUARY,,,,,
Light Goods Three Wheeler,Jnana Bharati,4694,2021,FEBRUARY,,,,,
Light Goods Three Wheeler,Electronic City,3466,2021,FEBRUARY,,,,,
Light Goods Three Wheeler,Yelahanka,1137,2021,FEBRUARY,,,,,
Light Goods Three Wheeler,Devanahalli,775,2021,FEBRUARY,,,,,
Light Goods Three Wheeler,Chandapura,817,2021,FEBRUARY,,,,,
Multi Axled Articulated Vehicle,BNG CENTRAL,10953,2021,MARCH,,,,,
Multi Axled Articulated Vehicle,BNG WEST,304,2021,MARCH,,,,,
Multi Axled Articulated Vehicle,BNG EAST,729,2021,MARCH,,,,,
Multi Axled Articulated Vehicle,BNG NORTH,259,2021,MARCH,,,,,
Multi Axled Articulated Vehicle,BNG SOUTH,663,2021,MARCH,,,,,
Multi Axled Articulated Vehicle,KR Puram,601,2021,MARCH,,,,,
Multi Axled Articulated Vehicle,Jnana Bharati,107,2021,MARCH,,,,,
Multi Axled Articulated Vehicle,Electronic City,1012,2021,MARCH,,,,,
Multi Axled Articulated Vehicle,Yelahanka,16,2021,MARCH,,,,,
Multi Axled Articulated Vehicle,Devanahalli,59,2021,MARCH,,,,,
Multi Axled Articulated Vehicle,Chandapura,457,2021,MARCH,,,,,
Trucks and Lorries,BNG CENTRAL,57276,2021,MARCH,,,,,
Trucks and Lorries,BNG WEST,16902,2021,MARCH,,,,,
Trucks and Lorries,BNG EAST,10119,2021,MARCH,,,,,
Trucks and Lorries,BNG NORTH,12416,2021,MARCH,,,,,
Trucks and Lorries,BNG SOUTH,22912,2021,MARCH,,,,,
Trucks and Lorries,KR Puram,10558,2021,MARCH,,,,,
Trucks and Lorries,Jnana Bharati,6915,2021,MARCH,,,,,
Trucks and Lorries,Electronic City,17478,2021,MARCH,,,,,
Trucks and Lorries,Yelahanka,6166,2021,MARCH,,,,,
Trucks and Lorries,Devanahalli,4129,2021,MARCH,,,,,
Trucks and Lorries,Chandapura,8787,2021,MARCH,,,,,
Light Goods Four Wheeler,BNG CENTRAL,18751,2021,MARCH,,,,,
Light Goods Four Wheeler,BNG WEST,16300,2021,MARCH,,,,,
Light Goods Four Wheeler,BNG EAST,9932,2021,MARCH,,,,,
Light Goods Four Wheeler,BNG NORTH,16744,2021,MARCH,,,,,
Light Goods Four Wheeler,BNG SOUTH,25550,2021,MARCH,,,,,
Light Goods Four Wheeler,KR Puram,18573,2021,MARCH,,,,,
Light Goods Four Wheeler,Jnana Bharati,13070,2021,MARCH,,,,,
Light Goods Four Wheeler,Electronic City,25564,2021,MARCH,,,,,
Light Goods Four Wheeler,Yelahanka,7210,2021,MARCH,,,,,
Light Goods Four Wheeler,Devanahalli,5220,2021,MARCH,,,,,
Light Goods Four Wheeler,Chandapura,15711,2021,MARCH,,,,,
Light Goods Three Wheeler,BNG CENTRAL,9144,2021,MARCH,,,,,
Light Goods Three Wheeler,BNG WEST,15606,2021,MARCH,,,,,
Light Goods Three Wheeler,BNG EAST,6927,2021,MARCH,,,,,
Light Goods Three Wheeler,BNG NORTH,6237,2021,MARCH,,,,,
Light Goods Three Wheeler,BNG SOUTH,11513,2021,MARCH,,,,,
Light Goods Three Wheeler,KR Puram,2194,2021,MARCH,,,,,
Light Goods Three Wheeler,Jnana Bharati,4719,2021,MARCH,,,,,
Light Goods Three Wheeler,Electronic City,3523,2021,MARCH,,,,,
Light Goods Three Wheeler,Yelahanka,1141,2021,MARCH,,,,,
Light Goods Three Wheeler,Devanahalli,777,2021,MARCH,,,,,
Light Goods Three Wheeler,Chandapura,817,2021,MARCH,,,,,
